{
  "基线实验": {
    "final_avg_Q": 0.6887387962160628,
    "final_avg_K": 0.8595712462427118,
    "final_avg_C": 0.6940449491194657,
    "final_innovation": 0.38934210993812113,
    "final_gini": 0.06816998340914623
  },
  "实验一(资源定向投入)": {
    "final_avg_Q": 0.7522200115673108,
    "final_avg_K": 0.9527539571371194,
    "final_avg_C": 0.7035104082105648,
    "final_innovation": 0.4288609857980713,
    "final_gini": 0.05024955471182693
  },
  "实验二(跨域协作激励)": {
    "final_avg_Q": 0.7208566325582255,
    "final_avg_K": 0.8722708412928616,
    "final_avg_C": 0.6928339651566081,
    "final_innovation": 0.3955780548603874,
    "final_gini": 0.06677579281488566
  },
  "实验三(质量反馈闭环)": {
    "final_avg_Q": 0.8018393342358827,
    "final_avg_K": 0.9945660479979901,
    "final_avg_C": 0.7972940667568708,
    "final_innovation": 0.5122519941466646,
    "final_gini": 0.03884895998305457
  }
}